accuracy,loss,val_accuracy,val_loss,learning_rate
0.7776986360549927,0.5990647673606873,0.9030648469924927,0.2765897810459137,0.0010000000474974513
0.8683648109436035,0.35801297426223755,0.9098360538482666,0.25321120023727417,0.0010000000474974513
0.8737086057662964,0.3309934437274933,0.9158945083618164,0.2401997447013855,0.0010000000474974513
0.8796758055686951,0.31948626041412354,0.9158945083618164,0.2289106547832489,0.0010000000474974513
0.8836836218833923,0.3178063929080963,0.9162508845329285,0.2321002334356308,0.0010000000474974513
