accuracy,loss,val_accuracy,val_loss,learning_rate
0.8460099697113037,0.4434979259967804,0.920527458190918,0.23941536247730255,0.0010000000474974513
0.8897399306297302,0.2985924780368805,0.9230220913887024,0.22440536320209503,0.0010000000474974513
0.8982899785041809,0.2754146158695221,0.9262295365333557,0.21066075563430786,0.0010000000474974513
0.9025650024414062,0.264302134513855,0.9330006837844849,0.2009744495153427,0.0010000000474974513
0.9046134948730469,0.25180134177207947,0.9297932982444763,0.20076292753219604,0.0010000000474974513
