accuracy,loss,val_accuracy,val_loss,learning_rate
0.806644082069397,0.5147003531455994,0.9034212231636047,0.27592554688453674,0.0010000000474974513
0.8675632476806641,0.3545931577682495,0.904846727848053,0.2629671096801758,0.0010000000474974513
0.8754007816314697,0.34390079975128174,0.9126871228218079,0.25091323256492615,0.0010000000474974513
0.8795867562294006,0.3216492533683777,0.9069850444793701,0.25264057517051697,0.0010000000474974513
0.883149266242981,0.30738577246665955,0.904846727848053,0.2517111301422119,0.0010000000474974513
