accuracy,loss,val_accuracy,val_loss,learning_rate
0.8291770815849304,0.4759882986545563,0.9019957184791565,0.2625785171985626,0.0010000000474974513
0.8778945207595825,0.3258780241012573,0.9019957184791565,0.2591315507888794,0.0010000000474974513
0.8913430571556091,0.2961134910583496,0.9119743704795837,0.24539382755756378,0.0010000000474974513
0.8927680850028992,0.2826610803604126,0.9130434989929199,0.24075157940387726,0.0010000000474974513
0.8962415456771851,0.27407899498939514,0.9158945083618164,0.24277807772159576,0.0010000000474974513
